[
  {
    "PhoneNumber": "0981861329",
    "Name": "Hà Quốc Huy",
    "Birthday": {"$date": "1997-01-02T00:00:00Z"},
    "Address": "215B37 Nguyễn Văn Hưởng, P, Quận 2, Hồ Chí Minh",
    "Point": 10,
    "Rank" : {
      "_id": {
        "$oid": "5caafdcf095cc100745585f2"
      },
      "RankID": "R01",
      "Name": "Standard",
      "Discount": {
        "$numberInt": "0"
      },
      "Point": {
        "$numberInt": "0"
      },
      "Status": true,
      "ID": {
        "$oid": "5caafdcf095cc100745585f2"
      }
    }
  },
  {
    "PhoneNumber": "0968446340",
    "Name": "Nguyễn Thị Thảo",
    "Birthday": {"$date": "1997-02-02T00:00:00Z"},
    "Address": "7 Hoàng Dư Khương, Phường 12, Quận 10, Hồ Chí Minh",
    "Point": 40,
    "Rank" : {
      "_id": {
        "$oid": "5caafdcf095cc100745585f2"
      },
      "RankID": "R01",
      "Name": "Standard",
      "Discount": {
        "$numberInt": "0"
      },
      "Point": {
        "$numberInt": "0"
      },
      "Status": true,
      "ID": {
        "$oid": "5caafdcf095cc100745585f2"
      }
    }
  },
  {
    "PhoneNumber": "0833475600",
    "Name": "Hồ Minh Tuấn",
    "Birthday": {"$date": "1997-03-03T00:00:00Z"},
    "Address": " Tầng trệt, tòa nhà Vinafor, số 64 Trương Định, Phường 7, Quận 3, Hồ Chí Minh",
    "Point": 70,
    "Rank" : {
      "_id": {
        "$oid": "5caafdcf095cc100745585f2"
      },
      "RankID": "R01",
      "Name": "Standard",
      "Discount": {
        "$numberInt": "0"
      },
      "Point": {
        "$numberInt": "0"
      },
      "Status": true,
      "ID": {
        "$oid": "5caafdcf095cc100745585f2"
      }
    }
  },
  {
    "PhoneNumber": "0399627147",
    "Name": "Nguyễn Quốc Vinh",
    "Birthday": {"$date": "1997-04-04T00:00:00Z"},
    "Address": "13A Hồng Hà, Phường 2, Tân Bình, Hồ Chí Minh",
    "Point": 100,
    "Rank" : {
      "_id": {
        "$oid": "5caafdcf095cc100745585f2"
      },
      "RankID": "R01",
      "Name": "Standard",
      "Discount": {
        "$numberInt": "0"
      },
      "Point": {
        "$numberInt": "0"
      },
      "Status": true,
      "ID": {
        "$oid": "5caafdcf095cc100745585f2"
      }
    }
  },
  {
    "PhoneNumber": "0968527449",
    "Name": "Võ Hữu Vinh",
    "Birthday": {"$date": "1997-05-05T00:00:00Z"},
    "Address": "22/21 đường số 21, Phường 8, Gò Vấp, Hồ Chí Minh",
    "Point":500,
    "Rank" : {
      "_id": {
        "$oid": "5caafe3d095cc100745585f3"
      },
      "RankID": "R02",
      "Name": "VIP",
      "Discount": {
        "$numberInt": "5"
      },
      "Point": {
        "$numberInt": "500"
      },
      "Status": true,
      "ID": {
        "$oid": "5caafe3d095cc100745585f3"
      }
    }
  },
  {
    "PhoneNumber": "0588120310",
    "Name": "Nguyễn Thị Nho",
    "Birthday": {"$date": "1997-06-06T00:00:00Z"},
    "Address": "1/36/19 đường Trục, phường 13, Quận Bình Thạnh, viet nam, Hồ Chí Minh 700000",
    "Point": 600,
    "Rank" : {
      "_id": {
        "$oid": "5caafe3d095cc100745585f3"
      },
      "RankID": "R02",
      "Name": "VIP",
      "Discount": {
        "$numberInt": "5"
      },
      "Point": {
        "$numberInt": "500"
      },
      "Status": true,
      "ID": {
        "$oid": "5caafe3d095cc100745585f3"
      }
    }
  },
  {
    "PhoneNumber": "0986155240",
    "Name": "Võ Tấn Trà",
    "Birthday": {"$date": "1997-07-07T00:00:00Z"},
    "Address": "575 Sư Vạn Hạnh, Phường 12, Quận 10, Hồ Chí Minh",
    "Point": 1500,
    "Rank" : {
      "_id": {
        "$oid": "5caafe4a095cc100745585f4"
      },
      "RankID": "R03",
      "Name": "Premium",
      "Discount": {
        "$numberInt": "10"
      },
      "Point": {
        "$numberInt": "1000"
      },
      "Status": true,
      "ID": {
        "$oid": "5caafe4a095cc100745585f4"
      }
    }
  },
  {
    "PhoneNumber": "0938100297",
    "Name": "Nguyễn Minh trí",
    "Birthday": {"$date": "1997-08-08T00:00:00Z"},
    "Address": "Số 86 Lê Thánh Tôn, Bến Nghé, Quận 1, Hồ Chí Minh",
    "Point": 100,
    "Rank" : {
      "_id": {
        "$oid": "5caafdcf095cc100745585f2"
      },
      "RankID": "R01",
      "Name": "Standard",
      "Discount": {
        "$numberInt": "0"
      },
      "Point": {
        "$numberInt": "0"
      },
      "Status": true,
      "ID": {
        "$oid": "5caafdcf095cc100745585f2"
      }
    }
  },
  {
    "PhoneNumber": "0566120310",
    "Name": "Phan Vương Hiếu Trung",
    "Birthday": {"$date": "1997-09-09T00:00:00Z"},
    "Address": "93 Hoàng Hoa Thám, Phường 6, Bình Thạnh, Hồ Chí Minh",
    "Point": 900,
    "Rank" : {
      "_id": {
        "$oid": "5caafe3d095cc100745585f3"
      },
      "RankID": "R02",
      "Name": "VIP",
      "Discount": {
        "$numberInt": "5"
      },
      "Point": {
        "$numberInt": "500"
      },
      "Status": true,
      "ID": {
        "$oid": "5caafe3d095cc100745585f3"
      }
    }
  },
  {
    "PhoneNumber": "0971978665",
    "Name": "Trương Nguyễn Hoàng Thương",
    "Birthday": {"$date": "1997-10-10T00:00:00Z"},
    "Address": "228B Bạch Đằng, Phường 24, Bình Thạnh, Hồ Chí Minh",
    "Point": 1000,
    "Rank" : {
      "_id": {
        "$oid": "5caafe4a095cc100745585f4"
      },
      "RankID": "R03",
      "Name": "Premium",
      "Discount": {
        "$numberInt": "10"
      },
      "Point": {
        "$numberInt": "1000"
      },
      "Status": true,
      "ID": {
        "$oid": "5caafe4a095cc100745585f4"
      }
    }
  },
  {
    "PhoneNumber": "0834673896",
    "Name": "Hoàng Đăng Khoa",
    "Birthday": {"$date": "1997-11-11T00:00:00Z"},
    "Address": "236 Bà Hạt, phường 9, quận 10, Phường 9, Quận 10, Hồ Chí Minh",
    "Point": 100,
    "Rank" : {
      "_id": {
        "$oid": "5caafdcf095cc100745585f2"
      },
      "RankID": "R01",
      "Name": "Standard",
      "Discount": {
        "$numberInt": "0"
      },
      "Point": {
        "$numberInt": "0"
      },
      "Status": true,
      "ID": {
        "$oid": "5caafdcf095cc100745585f2"
      }
    }
  },
  {
    "PhoneNumber": "0932692235",
    "Name": "Lưu Thành Vương",
    "Birthday": {"$date": "1997-12-12T00:00:00Z"},
    "Address": "117C Nguyễn Đình Chính, Phường 15, Phú Nhuận, Hồ Chí Minh",
    "Point": 200,
    "Rank" : {
      "_id": {
        "$oid": "5caafdcf095cc100745585f2"
      },
      "RankID": "R01",
      "Name": "Standard",
      "Discount": {
        "$numberInt": "0"
      },
      "Point": {
        "$numberInt": "0"
      },
      "Status": true,
      "ID": {
        "$oid": "5caafdcf095cc100745585f2"
      }
    }
  },
  {
    "PhoneNumber": "0966834771",
    "Name": "Đào Chí Quyền",
    "Birthday": {"$date": "1997-01-02T00:00:00Z"},
    "Address": "10, Nguyễn Huệ, Phường Bến Nghé, Quận 1, Hồ Chí Minh",
    "Point": 300,
    "Rank" : {
      "_id": {
        "$oid": "5caafdcf095cc100745585f2"
      },
      "RankID": "R01",
      "Name": "Standard",
      "Discount": {
        "$numberInt": "0"
      },
      "Point": {
        "$numberInt": "0"
      },
      "Status": true,
      "ID": {
        "$oid": "5caafdcf095cc100745585f2"
      }
    }
  }
]