[
  {
    "_id": {
      "$oid": "5caafdcf095cc100745585f2"
    },
    "RankID": "R01",
    "Name": "Standard",
    "Discount": {
      "$numberInt": "0"
    },
    "Point": {
      "$numberInt": "0"
    },
    "Status": true,
    "ID": {
      "$oid": "5caafdcf095cc100745585f2"
    }
  },
  {
    "_id": {
      "$oid": "5caafe3d095cc100745585f3"
    },
    "RankID": "R02",
    "Name": "VIP",
    "Discount": {
      "$numberInt": "5"
    },
    "Point": {
      "$numberInt": "500"
    },
    "Status": true,
    "ID": {
      "$oid": "5caafe3d095cc100745585f3"
    }
  },
  {
    "_id": {
      "$oid": "5caafe4a095cc100745585f4"
    },
    "RankID": "R03",
    "Name": "Premium",
    "Discount": {
      "$numberInt": "10"
    },
    "Point": {
      "$numberInt": "1000"
    },
    "Status": true,
    "ID": {
      "$oid": "5caafe4a095cc100745585f4"
    }
  }
]