[
  {
    "OrderID": "OD00001",
    "BranchID": "BR001",
    "CreatedOn": {
      "$date": "2017-02-08T12:10:40Z"
    },
    "CreatedBy": "namanh",
    "CompletedOn": {
      "$date": "2017-02-08T12:25:40Z"
    },
    "CompletedBy": "namanh",
    "FinishedOn": {
      "$date": "2017-02-08T12:15:40Z"
    },
    "FinishedBy": "nhusang",
    "TimeDone": 300,
    "PhoneNumber": null,
    "Discount": 0,
    "Total": 118000,
    "Cash": 120000,
    "Change": 2000,
    "StatusOrder": "Completed",
    "Status": true,
    "Foods": [
      {
        "FoodID": "FO004",
        "Name": "Cookie Ice Blended",
        "Size": "Medium",
        "Price": 59000,
        "Quantity": 1,
        "Sum": 59000,
        "Note": "It nuoc. Nhieu da"
      },
      {
        "FoodID": "FO002",
        "Name": "Caramel Ice Blended",
        "Size": "Medium",
        "Price": 59000,
        "Quantity": 1,
        "Sum": 59000,
        "Note": "50% muoi. 25% knorr"
      }
    ]
  },
  {
    "OrderID": "OD00002",
    "BranchID": "BR001",
    "CreatedOn": {
      "$date": "2019-04-05T10:01:00Z"
    },
    "CreatedBy": "namanh",
    "CompletedOn": {
      "$date": "2019-04-05T10:16:00Z"
    },
    "CompletedBy": "namanh",
    "FinishedOn": {
      "$date": "2019-04-05T10:06:00Z"
    },
    "FinishedBy": "nhusang",
    "TimeDone": 300,
    "PhoneNumber": null,
    "Discount": 0,
    "Total": 118000,
    "Cash": 150000,
    "Change": 32000,
    "StatusOrder": "Completed",
    "Status": true,
    "Foods": [
      {
        "FoodID": "FO005",
        "Name": "Hot Chocolate Toffee Almond",
        "Size": "Large",
        "Price": 59000,
        "Quantity": 1,
        "Sum": 59000,
        "Note": ""
      },
      {
        "OrderID": "OD00002",
        "FoodID": "FO004",
        "Name": "Cookie Ice Blended",
        "Size": "Medium",
        "Price": 59000,
        "Quantity": 1,
        "Sum": 59000,
        "Note": ""
      }
    ]
  },
  {
    "OrderID": "OD00003",
    "BranchID": "BR001",
    "CreatedOn": {
      "$date": "2019-04-06T10:02:00Z"
    },
    "CreatedBy": "namanh",
    "CompletedOn": {
      "$date": "2019-04-06T10:17:00Z"
    },
    "CompletedBy": "namanh",
    "FinishedOn": {
      "$date": "2019-04-06T10:07:00Z"
    },
    "FinishedBy": "trangthao",
    "TimeDone": 300,
    "PhoneNumber": null,
    "Discount": 0,
    "Total": 59000,
    "Cash": 60000,
    "Change": 1000,
    "StatusOrder": "Completed",
    "Status": true,
    "Foods": [
      {
        "FoodID": "FO005",
        "Name": "Hot Chocolate Toffee Almond",
        "Size": "Large",
        "Price": 59000,
        "Quantity": 1,
        "Sum": 59000,
        "Note": ""
      }
    ]
  },
  {
    "OrderID": "OD00004",
    "BranchID": "BR001",
    "CreatedOn": {
      "$date": "2019-04-07T10:01:00Z"
    },
    "CreatedBy": "namanh",
    "CompletedOn": null,
    "CompletedBy": null,
    "FinishedOn": null,
    "FinishedBy": null,
    "TimeDone": null,
    "PhoneNumber": null,
    "Discount": 0,
    "Total": 59000,
    "Cash": null,
    "Change": null,
    "StatusOrder": "Ordered",
    "Status": true,
    "Foods": [
      {
        "FoodID": "FO004",
        "Name": "Cookie Ice Blended",
        "Size": "Medium",
        "Price": 59000,
        "Quantity": 1,
        "Sum": 59000,
        "Note": ""
      }
    ]
  },
  {
    "OrderID": "OD00005",
    "BranchID": "BR001",
    "CreatedOn": {
      "$date": "2019-04-07T11:00:00Z"
    },
    "CreatedBy": "namanh",
    "CompletedOn": {
      "$date": "2019-04-07T11:01:00Z"
    },
    "CompletedBy": "nhusang",
    "FinishedOn": null,
    "FinishedBy": null,
    "TimeDone": null,
    "PhoneNumber": null,
    "Discount": 0,
    "Total": 118000,
    "Cash": null,
    "Change": null,
    "StatusOrder": "Processing",
    "Status": true,
    "Foods": [
      {
        "FoodID": "FO002",
        "Name": "Caramel Ice Blended",
        "Size": "Medium",
        "Price": 59000,
        "Quantity": 2,
        "Sum": 118000,
        "Note": ""
      }
    ]
  },
  {
    "OrderID": "OD00006",
    "BranchID": "BR001",
    "CreatedOn": {
      "$date": "2019-04-07T12:01:00Z"
    },
    "CreatedBy": "namanh",
    "CompletedOn": {
      "$date": "2019-04-07T12:10:00Z"
    },
    "CompletedBy": "nhusang",
    "FinishedOn": {
      "$date": "2019-04-07T12:06:00Z"
    },
    "FinishedBy": "nhusang",
    "TimeDone": 300,
    "PhoneNumber": null,
    "Discount": 0,
    "Total": 90000,
    "Cash": null,
    "Change": null,
    "StatusOrder": "Finished",
    "Status": true,
    "Foods": [
      {
        "FoodID": "FO008",
        "Name": "Green Apple Soda",
        "Size": "Medium",
        "Price": 45000,
        "Quantity": 2,
        "Sum": 90000,
        "Note": ""
      }
    ]
  },
  {
    "OrderID": "OD00007",
    "BranchID": "BR001",
    "CreatedOn": {
      "$date": "2019-04-07T13:01:00Z"
    },
    "CreatedBy": "namanh",
    "CompletedOn": {
      "$date": "2019-04-07T13:18:00Z"
    },
    "CompletedBy": "duongtong",
    "FinishedOn": {
      "$date": "2019-04-07T13:15:00Z"
    },
    "FinishedBy": "nhusang",
    "TimeDone": 840,
    "PhoneNumber": null,
    "Discount": 0,
    "Total": 59000,
    "Cash": null,
    "Change": null,
    "StatusOrder": "Served",
    "Status": true,
    "Foods": [
      {
        "FoodID": "FO004",
        "Name": "Cookie Ice Blended",
        "Size": "Medium",
        "Price": 59000,
        "Quantity": 1,
        "Sum": 59000,
        "Note": ""
      }
    ]
  },
  {
    "OrderID": "OD00008",
    "BranchID": "BR001",
    "CreatedOn": {
      "$date": "2019-04-08T13:01:00Z"
    },
    "CreatedBy": "namanh",
    "CompletedOn": {
      "$date": "2019-04-08T15:00:00Z"
    },
    "CompletedBy": "boss",
    "FinishedOn": {
      "$date": "2019-04-08T13:15:00Z"
    },
    "FinishedBy": "nhusang",
    "TimeDone": 840,
    "PhoneNumber": null,
    "Discount": 0,
    "Total": 59000,
    "Cash": 100000,
    "Change": 41000,
    "StatusOrder": "Completed",
    "Status": false,
    "Foods": [
      {
        "FoodID": "FO004",
        "Name": "Cookie Ice Blended",
        "Size": "Medium",
        "Price": 59000,
        "Quantity": 1,
        "Sum": 59000,
        "Note": ""
      }
    ]
  },
  {
    "OrderID": "OD00009",
    "BranchID": "BR001",
    "CreatedOn": {
      "$date": "2019-04-08T14:01:00Z"
    },
    "CreatedBy": "namanh",
    "CompletedOn": {
      "$date": "2019-04-08T15:01:00Z"
    },
    "CompletedBy": "boss",
    "FinishedOn": {
      "$date": "2019-04-08T14:15:00Z"
    },
    "FinishedBy": "nhusang",
    "TimeDone": 840,
    "PhoneNumber": null,
    "Discount": 0,
    "Total": 130000,
    "Cash": 130000,
    "Change": 0,
    "StatusOrder": "Completed",
    "Status": false,
    "Foods": [
      {
        "FoodID": "FO016",
        "Name": "Fresh Orange Juice",
        "Size": "Large",
        "Price": 65000,
        "Quantity": 2,
        "Sum": 130000,
        "Note": "50% chua"
      }
    ]
  },
  {
    "OrderID": "OD00010",
    "BranchID": "BR001",
    "CreatedOn": {
      "$date": "2019-04-08T14:10:00Z"
    },
    "CreatedBy": "namanh",
    "CompletedOn": {
      "$date": "2019-04-08T15:02:00Z"
    },
    "CompletedBy": "boss",
    "FinishedOn": {
      "$date": "2019-04-08T14:15:00Z"
    },
    "FinishedBy": "nhusang",
    "TimeDone": 300,
    "PhoneNumber": null,
    "Discount": 0,
    "Total": 177000,
    "Cash": null,
    "Change": null,
    "StatusOrder": "Served",
    "Status": false,
    "Foods": [
      {
        "FoodID": "FO006",
        "Name": "Iced Chocolate Mocha Almod",
        "Size": "Large",
        "Price": 59000,
        "Quantity": 3,
        "Sum": 177000,
        "Note": ""
      }
    ]
  }
]