[
    {
        "Username": "conduongtong",
        "HashPassword": { "$binary":"JDJhJDEwJHQ3d1J4dHRLTXZhNVVnM3VUR2NuNmVneDkyMzRLYm5UaGZ4WFdjZ25Eb2ZOU2tSQnhpV3J1","$type":"00"},
        "EmployeeID": "NV001",
        "RoleID":"RAdmin",
        "Status": true
    },
    {
        "Username": "nguyengocson",
        "HashPassword": { "$binary":"JDJhJDEwJHQ3d1J4dHRLTXZhNVVnM3VUR2NuNmVneDkyMzRLYm5UaGZ4WFdjZ25Eb2ZOU2tSQnhpV3J1","$type":"00"},
        "EmployeeID": "NV002",
        "RoleID":"RCashier",
        "Status": true
    },
    {
        "Username": "lehoangnamanh",
        "HashPassword": { "$binary":"JDJhJDEwJHQ3d1J4dHRLTXZhNVVnM3VUR2NuNmVneDkyMzRLYm5UaGZ4WFdjZ25Eb2ZOU2tSQnhpV3J1","$type":"00"},
        "EmployeeID": "NV003",
        "RoleID":"RWaiter",
        "Status": true
    },
    {
        "Username": "nguyennhusang",
        "HashPassword": { "$binary":"JDJhJDEwJHQ3d1J4dHRLTXZhNVVnM3VUR2NuNmVneDkyMzRLYm5UaGZ4WFdjZ25Eb2ZOU2tSQnhpV3J1","$type":"00"},
        "EmployeeID": "NV004",
        "RoleID":"RBarista",
        "Status": true
    },
    {
        "Username": "chungtrangthao",
        "HashPassword": { "$binary":"JDJhJDEwJHQ3d1J4dHRLTXZhNVVnM3VUR2NuNmVneDkyMzRLYm5UaGZ4WFdjZ25Eb2ZOU2tSQnhpV3J1","$type":"00"},
        "EmployeeID": "NV005",
        "RoleID":"RWaiter",
        "Status": true
    }
]