[
    {
        "RoleID": "RAdmin",
        "Name": "Admin",
        "Status": true,
        "Permissions": [
            {
                "_id": {
                    "$oid": "5caaf293da6f9faf33f96ebb"
                },
                "PermissionID": "PM001",
                "PermissionType": "User_Create",
                "Description": "Create a new User",
                "Status": true
            },
            {
                "_id": {
                    "$oid": "5caaf293da6f9faf33f96ebc"
                },
                "PermissionID": "PM002",
                "PermissionType": "User_ReadAll",
                "Description": "Read all Users",
                "Status": true
            },
            {
                "_id": {
                    "$oid": "5caaf293da6f9faf33f96ebd"
                },
                "PermissionID": "PM003",
                "PermissionType": "User_ReadOne",
                "Description": "Read one User profile",
                "Status": true
            },
            {
                "_id": {
                    "$oid": "5caaf293da6f9faf33f96ebe"
                },
                "PermissionID": "PM005",
                "PermissionType": "User_Disable",
                "Description": "Disable one User profile",
                "Status": true
            },
            {
                "_id": {
                    "$oid": "5caaf293da6f9faf33f96ebf"
                },
                "PermissionID": "PM004",
                "PermissionType": "User_Update",
                "Description": "Update one User profile",
                "Status": true
            },
            {
                "_id": {
                    "$oid": "5caaf293da6f9faf33f96ec0"
                },
                "PermissionID": "PM007",
                "PermissionType": "Category_ReadAll",
                "Description": "Read all Categories",
                "Status": true
            },
            {
                "_id": {
                    "$oid": "5caaf293da6f9faf33f96ec1"
                },
                "PermissionID": "PM006",
                "PermissionType": "User_ReadMine",
                "Description": "Read the profile of the current User",
                "Status": true
            },
            {
                "_id": {
                    "$oid": "5caaf293da6f9faf33f96ec2"
                },
                "PermissionID": "PM009",
                "PermissionType": "Category_Create",
                "Description": "Create a new Category",
                "Status": true
            },
            {
                "_id": {
                    "$oid": "5caaf293da6f9faf33f96ec3"
                },
                "PermissionID": "PM010",
                "PermissionType": "Category_Update",
                "Description": "Update a Category",
                "Status": true
            },
            {
                "_id": {
                    "$oid": "5caaf293da6f9faf33f96ec4"
                },
                "PermissionID": "PM008",
                "PermissionType": "Category_ReadOne",
                "Description": "Read the information of a Category",
                "Status": true
            },
            {
                "_id": {
                    "$oid": "5caaf293da6f9faf33f96ec5"
                },
                "PermissionID": "PM012",
                "PermissionType": "Food_ReadAll",
                "Description": "Read all Food",
                "Status": true
            },
            {
                "_id": {
                    "$oid": "5caaf293da6f9faf33f96ec6"
                },
                "PermissionID": "PM013",
                "PermissionType": "Food_ReadOne",
                "Description": "Read the detail of one Food",
                "Status": true
            },
            {
                "_id": {
                    "$oid": "5caaf293da6f9faf33f96ec7"
                },
                "PermissionID": "PM014",
                "PermissionType": "Food_Create",
                "Description": "Create a new Food",
                "Status": true
            },
            {
                "_id": {
                    "$oid": "5caaf293da6f9faf33f96ec8"
                },
                "PermissionID": "PM015",
                "PermissionType": "Food_Update",
                "Description": "Update a Food",
                "Status": true
            },
            {
                "_id": {
                    "$oid": "5caaf293da6f9faf33f96ec9"
                },
                "PermissionID": "PM016",
                "PermissionType": "Food_Disable",
                "Description": "Disable a Food",
                "Status": true
            },
            {
                "_id": {
                    "$oid": "5caaf293da6f9faf33f96eca"
                },
                "PermissionID": "PM017",
                "PermissionType": "Menu_ReadAll",
                "Description": "Read all Menus",
                "Status": true
            },
            {
                "_id": {
                    "$oid": "5caaf293da6f9faf33f96ecb"
                },
                "PermissionID": "PM018",
                "PermissionType": "Menu_ReadOne",
                "Description": "Read the detail of a Menu",
                "Status": true
            },
            {
                "_id": {
                    "$oid": "5caaf293da6f9faf33f96ecc"
                },
                "PermissionID": "PM019",
                "PermissionType": "Menu_ReadMine",
                "Description": "Read all Menus of the current Branch",
                "Status": true
            },
            {
                "_id": {
                    "$oid": "5caaf293da6f9faf33f96ecd"
                },
                "PermissionID": "PM011",
                "PermissionType": "Category_Disable",
                "Description": "Disable a Category",
                "Status": true
            },
            {
                "_id": {
                    "$oid": "5caaf293da6f9faf33f96ece"
                },
                "PermissionID": "PM020",
                "PermissionType": "Menu_Create",
                "Description": "Create a new Menu",
                "Status": true
            },
            {
                "_id": {
                    "$oid": "5caaf293da6f9faf33f96ecf"
                },
                "PermissionID": "PM022",
                "PermissionType": "Menu_Disable",
                "Description": "Disable a Menu",
                "Status": true
            },
            {
                "_id": {
                    "$oid": "5caaf293da6f9faf33f96ed0"
                },
                "PermissionID": "PM021",
                "PermissionType": "Menu_Update",
                "Description": "Update a Menu",
                "Status": true
            },
            {
                "_id": {
                    "$oid": "5caaf293da6f9faf33f96ed1"
                },
                "PermissionID": "PM023",
                "PermissionType": "Customer_ReadAll",
                "Description": "Read all Customers",
                "Status": true
            },
            {
                "_id": {
                    "$oid": "5caaf293da6f9faf33f96ed2"
                },
                "PermissionID": "PM025",
                "PermissionType": "Customer_Create",
                "Description": "Create a new Customer",
                "Status": true
            },
            {
                "_id": {
                    "$oid": "5caaf293da6f9faf33f96ed3"
                },
                "PermissionID": "PM024",
                "PermissionType": "Customer_ReadOne",
                "Description": "Read the detail of a Customer",
                "Status": true
            },
            {
                "_id": {
                    "$oid": "5caaf293da6f9faf33f96ed4"
                },
                "PermissionID": "PM026",
                "PermissionType": "Customer_Update",
                "Description": "Update a Customer",
                "Status": true
            },
            {
                "_id": {
                    "$oid": "5caaf293da6f9faf33f96ed5"
                },
                "PermissionID": "PM027",
                "PermissionType": "Customer_Disable",
                "Description": "Disable a Customer",
                "Status": true
            },
            {
                "_id": {
                    "$oid": "5caaf293da6f9faf33f96ed6"
                },
                "PermissionID": "PM028",
                "PermissionType": "Rank_ReadAll",
                "Description": "Read all Ranks",
                "Status": true
            },
            {
                "_id": {
                    "$oid": "5caaf293da6f9faf33f96ed7"
                },
                "PermissionID": "PM029",
                "PermissionType": "Rank_ReadOne",
                "Description": "Read the detail of a Rank",
                "Status": true
            },
            {
                "_id": {
                    "$oid": "5caaf293da6f9faf33f96ed8"
                },
                "PermissionID": "PM030",
                "PermissionType": "Rank_Create",
                "Description": "Create a Rank",
                "Status": true
            },
            {
                "_id": {
                    "$oid": "5caaf293da6f9faf33f96ed9"
                },
                "PermissionID": "PM031",
                "PermissionType": "Rank_Update",
                "Description": "Update a Rank",
                "Status": true
            },
            {
                "_id": {
                    "$oid": "5caaf293da6f9faf33f96eda"
                },
                "PermissionID": "PM032",
                "PermissionType": "Rank_Disable",
                "Description": "Disable a Rank",
                "Status": true
            },
            {
                "_id": {
                    "$oid": "5caaf293da6f9faf33f96edb"
                },
                "PermissionID": "PM033",
                "PermissionType": "Employee_ReadAll",
                "Description": "Read all Employees",
                "Status": true
            },
            {
                "_id": {
                    "$oid": "5caaf293da6f9faf33f96edc"
                },
                "PermissionID": "PM035",
                "PermissionType": "Employee_ReadMine",
                "Description": "Read the Employee's information of the current User",
                "Status": true
            },
            {
                "_id": {
                    "$oid": "5caaf293da6f9faf33f96edd"
                },
                "PermissionID": "PM034",
                "PermissionType": "Employee_ReadOne",
                "Description": "Read the detail of an Employee",
                "Status": true
            },
            {
                "_id": {
                    "$oid": "5caaf293da6f9faf33f96ede"
                },
                "PermissionID": "PM036",
                "PermissionType": "Employee_Create",
                "Description": "Create a new Employee",
                "Status": true
            },
            {
                "_id": {
                    "$oid": "5caaf293da6f9faf33f96edf"
                },
                "PermissionID": "PM037",
                "PermissionType": "Employee_Update",
                "Description": "Update a Employee",
                "Status": true
            },
            {
                "_id": {
                    "$oid": "5caaf293da6f9faf33f96ee0"
                },
                "PermissionID": "PM038",
                "PermissionType": "Employee_Disable",
                "Description": "Disable a Employee",
                "Status": true
            },
            {
                "_id": {
                    "$oid": "5caaf293da6f9faf33f96ee1"
                },
                "PermissionID": "PM039",
                "PermissionType": "Branch_ReadAll",
                "Description": "Read all Branches",
                "Status": true
            },
            {
                "_id": {
                    "$oid": "5caaf293da6f9faf33f96ee2"
                },
                "PermissionID": "PM040",
                "PermissionType": "Branch_ReadOne",
                "Description": "Read the detail of a Branch",
                "Status": true
            },
            {
                "_id": {
                    "$oid": "5caaf293da6f9faf33f96ee3"
                },
                "PermissionID": "PM042",
                "PermissionType": "Branch_Create",
                "Description": "Create a new Branch",
                "Status": true
            },
            {
                "_id": {
                    "$oid": "5caaf293da6f9faf33f96ee4"
                },
                "PermissionID": "PM043",
                "PermissionType": "Branch_Update",
                "Description": "Update a Branch",
                "Status": true
            },
            {
                "_id": {
                    "$oid": "5caaf293da6f9faf33f96ee5"
                },
                "PermissionID": "PM041",
                "PermissionType": "Branch_ReadMine",
                "Description": "Read the detail of the current Branch",
                "Status": true
            },
            {
                "_id": {
                    "$oid": "5caaf293da6f9faf33f96ee6"
                },
                "PermissionID": "PM044",
                "PermissionType": "Branch_Disable",
                "Description": "Disable a Branch",
                "Status": true
            },
            {
                "_id": {
                    "$oid": "5caaf293da6f9faf33f96ee7"
                },
                "PermissionID": "PM045",
                "PermissionType": "Order_ReadAll",
                "Description": "Read all Orders",
                "Status": true
            },
            {
                "_id": {
                    "$oid": "5caaf293da6f9faf33f96ee8"
                },
                "PermissionID": "PM046",
                "PermissionType": "Order_ReadOne",
                "Description": "Read the detail of an Order",
                "Status": true
            },
            {
                "_id": {
                    "$oid": "5caaf293da6f9faf33f96ee9"
                },
                "PermissionID": "PM047",
                "PermissionType": "Order_ReadMine",
                "Description": "Read all Orders of the current User",
                "Status": true
            },
            {
                "_id": {
                    "$oid": "5caaf293da6f9faf33f96eea"
                },
                "PermissionID": "PM048",
                "PermissionType": "Order_Create",
                "Description": "Create a new Order",
                "Status": true
            },
            {
                "_id": {
                    "$oid": "5caaf293da6f9faf33f96eeb"
                },
                "PermissionID": "PM049",
                "PermissionType": "Order_Update",
                "Description": "Update an Order",
                "Status": true
            },
            {
                "_id": {
                    "$oid": "5caaf293da6f9faf33f96eec"
                },
                "PermissionID": "PM050",
                "PermissionType": "Order_Disable",
                "Description": "Disable an Order",
                "Status": true
            }
        ]
    },
    {
        "RoleID": "ROwner",
        "Name": "Owner",
        "Status": true,
        "Permissions": [
            {
                "_id": {
                    "$oid": "5caaf293da6f9faf33f96ebb"
                },
                "PermissionID": "PM001",
                "PermissionType": "User_Create",
                "Description": "Create a new User",
                "Status": true
            },
            {
                "_id": {
                    "$oid": "5caaf293da6f9faf33f96ebc"
                },
                "PermissionID": "PM002",
                "PermissionType": "User_ReadAll",
                "Description": "Read all Users",
                "Status": true
            },
            {
                "_id": {
                    "$oid": "5caaf293da6f9faf33f96ebd"
                },
                "PermissionID": "PM003",
                "PermissionType": "User_ReadOne",
                "Description": "Read one User profile",
                "Status": true
            },
            {
                "_id": {
                    "$oid": "5caaf293da6f9faf33f96ebe"
                },
                "PermissionID": "PM005",
                "PermissionType": "User_Disable",
                "Description": "Disable one User profile",
                "Status": true
            },
            {
                "_id": {
                    "$oid": "5caaf293da6f9faf33f96ebf"
                },
                "PermissionID": "PM004",
                "PermissionType": "User_Update",
                "Description": "Update one User profile",
                "Status": true
            },
            {
                "_id": {
                    "$oid": "5caaf293da6f9faf33f96ec0"
                },
                "PermissionID": "PM007",
                "PermissionType": "Category_ReadAll",
                "Description": "Read all Categories",
                "Status": true
            },
            {
                "_id": {
                    "$oid": "5caaf293da6f9faf33f96ec1"
                },
                "PermissionID": "PM006",
                "PermissionType": "User_ReadMine",
                "Description": "Read the profile of the current User",
                "Status": true
            },
            {
                "_id": {
                    "$oid": "5caaf293da6f9faf33f96ec2"
                },
                "PermissionID": "PM009",
                "PermissionType": "Category_Create",
                "Description": "Create a new Category",
                "Status": true
            },
            {
                "_id": {
                    "$oid": "5caaf293da6f9faf33f96ec3"
                },
                "PermissionID": "PM010",
                "PermissionType": "Category_Update",
                "Description": "Update a Category",
                "Status": true
            },
            {
                "_id": {
                    "$oid": "5caaf293da6f9faf33f96ec4"
                },
                "PermissionID": "PM008",
                "PermissionType": "Category_ReadOne",
                "Description": "Read the information of a Category",
                "Status": true
            },
            {
                "_id": {
                    "$oid": "5caaf293da6f9faf33f96ec5"
                },
                "PermissionID": "PM012",
                "PermissionType": "Food_ReadAll",
                "Description": "Read all Food",
                "Status": true
            },
            {
                "_id": {
                    "$oid": "5caaf293da6f9faf33f96ec6"
                },
                "PermissionID": "PM013",
                "PermissionType": "Food_ReadOne",
                "Description": "Read the detail of one Food",
                "Status": true
            },
            {
                "_id": {
                    "$oid": "5caaf293da6f9faf33f96ec7"
                },
                "PermissionID": "PM014",
                "PermissionType": "Food_Create",
                "Description": "Create a new Food",
                "Status": true
            },
            {
                "_id": {
                    "$oid": "5caaf293da6f9faf33f96ec8"
                },
                "PermissionID": "PM015",
                "PermissionType": "Food_Update",
                "Description": "Update a Food",
                "Status": true
            },
            {
                "_id": {
                    "$oid": "5caaf293da6f9faf33f96ec9"
                },
                "PermissionID": "PM016",
                "PermissionType": "Food_Disable",
                "Description": "Disable a Food",
                "Status": true
            },
            {
                "_id": {
                    "$oid": "5caaf293da6f9faf33f96eca"
                },
                "PermissionID": "PM017",
                "PermissionType": "Menu_ReadAll",
                "Description": "Read all Menus",
                "Status": true
            },
            {
                "_id": {
                    "$oid": "5caaf293da6f9faf33f96ecb"
                },
                "PermissionID": "PM018",
                "PermissionType": "Menu_ReadOne",
                "Description": "Read the detail of a Menu",
                "Status": true
            },
            {
                "_id": {
                    "$oid": "5caaf293da6f9faf33f96ecc"
                },
                "PermissionID": "PM019",
                "PermissionType": "Menu_ReadMine",
                "Description": "Read all Menus of the current Branch",
                "Status": true
            },
            {
                "_id": {
                    "$oid": "5caaf293da6f9faf33f96ecd"
                },
                "PermissionID": "PM011",
                "PermissionType": "Category_Disable",
                "Description": "Disable a Category",
                "Status": true
            },
            {
                "_id": {
                    "$oid": "5caaf293da6f9faf33f96ece"
                },
                "PermissionID": "PM020",
                "PermissionType": "Menu_Create",
                "Description": "Create a new Menu",
                "Status": true
            },
            {
                "_id": {
                    "$oid": "5caaf293da6f9faf33f96ecf"
                },
                "PermissionID": "PM022",
                "PermissionType": "Menu_Disable",
                "Description": "Disable a Menu",
                "Status": true
            },
            {
                "_id": {
                    "$oid": "5caaf293da6f9faf33f96ed0"
                },
                "PermissionID": "PM021",
                "PermissionType": "Menu_Update",
                "Description": "Update a Menu",
                "Status": true
            },
            {
                "_id": {
                    "$oid": "5caaf293da6f9faf33f96ed1"
                },
                "PermissionID": "PM023",
                "PermissionType": "Customer_ReadAll",
                "Description": "Read all Customers",
                "Status": true
            },
            {
                "_id": {
                    "$oid": "5caaf293da6f9faf33f96ed2"
                },
                "PermissionID": "PM025",
                "PermissionType": "Customer_Create",
                "Description": "Create a new Customer",
                "Status": true
            },
            {
                "_id": {
                    "$oid": "5caaf293da6f9faf33f96ed3"
                },
                "PermissionID": "PM024",
                "PermissionType": "Customer_ReadOne",
                "Description": "Read the detail of a Customer",
                "Status": true
            },
            {
                "_id": {
                    "$oid": "5caaf293da6f9faf33f96ed4"
                },
                "PermissionID": "PM026",
                "PermissionType": "Customer_Update",
                "Description": "Update a Customer",
                "Status": true
            },
            {
                "_id": {
                    "$oid": "5caaf293da6f9faf33f96ed5"
                },
                "PermissionID": "PM027",
                "PermissionType": "Customer_Disable",
                "Description": "Disable a Customer",
                "Status": true
            },
            {
                "_id": {
                    "$oid": "5caaf293da6f9faf33f96ed6"
                },
                "PermissionID": "PM028",
                "PermissionType": "Rank_ReadAll",
                "Description": "Read all Ranks",
                "Status": true
            },
            {
                "_id": {
                    "$oid": "5caaf293da6f9faf33f96ed7"
                },
                "PermissionID": "PM029",
                "PermissionType": "Rank_ReadOne",
                "Description": "Read the detail of a Rank",
                "Status": true
            },
            {
                "_id": {
                    "$oid": "5caaf293da6f9faf33f96ed8"
                },
                "PermissionID": "PM030",
                "PermissionType": "Rank_Create",
                "Description": "Create a Rank",
                "Status": true
            },
            {
                "_id": {
                    "$oid": "5caaf293da6f9faf33f96ed9"
                },
                "PermissionID": "PM031",
                "PermissionType": "Rank_Update",
                "Description": "Update a Rank",
                "Status": true
            },
            {
                "_id": {
                    "$oid": "5caaf293da6f9faf33f96eda"
                },
                "PermissionID": "PM032",
                "PermissionType": "Rank_Disable",
                "Description": "Disable a Rank",
                "Status": true
            },
            {
                "_id": {
                    "$oid": "5caaf293da6f9faf33f96edb"
                },
                "PermissionID": "PM033",
                "PermissionType": "Employee_ReadAll",
                "Description": "Read all Employees",
                "Status": true
            },
            {
                "_id": {
                    "$oid": "5caaf293da6f9faf33f96edc"
                },
                "PermissionID": "PM035",
                "PermissionType": "Employee_ReadMine",
                "Description": "Read the Employee's information of the current User",
                "Status": true
            },
            {
                "_id": {
                    "$oid": "5caaf293da6f9faf33f96edd"
                },
                "PermissionID": "PM034",
                "PermissionType": "Employee_ReadOne",
                "Description": "Read the detail of an Employee",
                "Status": true
            },
            {
                "_id": {
                    "$oid": "5caaf293da6f9faf33f96ede"
                },
                "PermissionID": "PM036",
                "PermissionType": "Employee_Create",
                "Description": "Create a new Employee",
                "Status": true
            },
            {
                "_id": {
                    "$oid": "5caaf293da6f9faf33f96edf"
                },
                "PermissionID": "PM037",
                "PermissionType": "Employee_Update",
                "Description": "Update a Employee",
                "Status": true
            },
            {
                "_id": {
                    "$oid": "5caaf293da6f9faf33f96ee0"
                },
                "PermissionID": "PM038",
                "PermissionType": "Employee_Disable",
                "Description": "Disable a Employee",
                "Status": true
            },
            {
                "_id": {
                    "$oid": "5caaf293da6f9faf33f96ee1"
                },
                "PermissionID": "PM039",
                "PermissionType": "Branch_ReadAll",
                "Description": "Read all Branches",
                "Status": true
            },
            {
                "_id": {
                    "$oid": "5caaf293da6f9faf33f96ee2"
                },
                "PermissionID": "PM040",
                "PermissionType": "Branch_ReadOne",
                "Description": "Read the detail of a Branch",
                "Status": true
            },
            {
                "_id": {
                    "$oid": "5caaf293da6f9faf33f96ee3"
                },
                "PermissionID": "PM042",
                "PermissionType": "Branch_Create",
                "Description": "Create a new Branch",
                "Status": true
            },
            {
                "_id": {
                    "$oid": "5caaf293da6f9faf33f96ee4"
                },
                "PermissionID": "PM043",
                "PermissionType": "Branch_Update",
                "Description": "Update a Branch",
                "Status": true
            },
            {
                "_id": {
                    "$oid": "5caaf293da6f9faf33f96ee5"
                },
                "PermissionID": "PM041",
                "PermissionType": "Branch_ReadMine",
                "Description": "Read the detail of the current Branch",
                "Status": true
            },
            {
                "_id": {
                    "$oid": "5caaf293da6f9faf33f96ee6"
                },
                "PermissionID": "PM044",
                "PermissionType": "Branch_Disable",
                "Description": "Disable a Branch",
                "Status": true
            },
            {
                "_id": {
                    "$oid": "5caaf293da6f9faf33f96ee7"
                },
                "PermissionID": "PM045",
                "PermissionType": "Order_ReadAll",
                "Description": "Read all Orders",
                "Status": true
            },
            {
                "_id": {
                    "$oid": "5caaf293da6f9faf33f96ee8"
                },
                "PermissionID": "PM046",
                "PermissionType": "Order_ReadOne",
                "Description": "Read the detail of an Order",
                "Status": true
            },
            {
                "_id": {
                    "$oid": "5caaf293da6f9faf33f96ee9"
                },
                "PermissionID": "PM047",
                "PermissionType": "Order_ReadMine",
                "Description": "Read all Orders of the current User",
                "Status": true
            },
            {
                "_id": {
                    "$oid": "5caaf293da6f9faf33f96eea"
                },
                "PermissionID": "PM048",
                "PermissionType": "Order_Create",
                "Description": "Create a new Order",
                "Status": true
            },
            {
                "_id": {
                    "$oid": "5caaf293da6f9faf33f96eeb"
                },
                "PermissionID": "PM049",
                "PermissionType": "Order_Update",
                "Description": "Update an Order",
                "Status": true
            },
            {
                "_id": {
                    "$oid": "5caaf293da6f9faf33f96eec"
                },
                "PermissionID": "PM050",
                "PermissionType": "Order_Disable",
                "Description": "Disable an Order",
                "Status": true
            }
        ]
    },
    {
        "RoleID": "RWaiter",
        "Name": "Waiter",
        "Status": true,
        "Permissions": [
            {
                "_id": {
                    "$oid": "5caaf293da6f9faf33f96ec0"
                },
                "PermissionID": "PM007",
                "PermissionType": "Category_ReadAll",
                "Description": "Read all Categories",
                "Status": true
            },
            {
                "_id": {
                    "$oid": "5caaf293da6f9faf33f96ec1"
                },
                "PermissionID": "PM006",
                "PermissionType": "User_ReadMine",
                "Description": "Read the profile of the current User",
                "Status": true
            },
            {
                "_id": {
                    "$oid": "5caaf293da6f9faf33f96ec5"
                },
                "PermissionID": "PM012",
                "PermissionType": "Food_ReadAll",
                "Description": "Read all Food",
                "Status": true
            },
            {
                "_id": {
                    "$oid": "5caaf293da6f9faf33f96ec6"
                },
                "PermissionID": "PM013",
                "PermissionType": "Food_ReadOne",
                "Description": "Read the detail of one Food",
                "Status": true
            },
            {
                "_id": {
                    "$oid": "5caaf293da6f9faf33f96ecc"
                },
                "PermissionID": "PM019",
                "PermissionType": "Menu_ReadMine",
                "Description": "Read all Menus of the current Branch",
                "Status": true
            },
            {
                "_id": {
                    "$oid": "5caaf293da6f9faf33f96edc"
                },
                "PermissionID": "PM035",
                "PermissionType": "Employee_ReadMine",
                "Description": "Read the Employee's information of the current User",
                "Status": true
            },
            {
                "_id": {
                    "$oid": "5caaf293da6f9faf33f96ee5"
                },
                "PermissionID": "PM041",
                "PermissionType": "Branch_ReadMine",
                "Description": "Read the detail of the current Branch",
                "Status": true
            },
            {
                "_id": {
                    "$oid": "5caaf293da6f9faf33f96ee9"
                },
                "PermissionID": "PM047",
                "PermissionType": "Order_ReadMine",
                "Description": "Read all Orders of the current User",
                "Status": true
            },
            {
                "_id": {
                    "$oid": "5caaf293da6f9faf33f96eea"
                },
                "PermissionID": "PM048",
                "PermissionType": "Order_Create",
                "Description": "Create a new Order",
                "Status": true
            },
            {
                "_id": {
                    "$oid": "5caaf293da6f9faf33f96eeb"
                },
                "PermissionID": "PM049",
                "PermissionType": "Order_Update",
                "Description": "Update an Order",
                "Status": true
            }
        ]
    },
    {
        "RoleID": "RBarista",
        "Name": "Barista/Chef",
        "Status": true,
        "Permissions": [
            {
                "_id": {
                    "$oid": "5caaf293da6f9faf33f96ec0"
                },
                "PermissionID": "PM007",
                "PermissionType": "Category_ReadAll",
                "Description": "Read all Categories",
                "Status": true
            },
            {
                "_id": {
                    "$oid": "5caaf293da6f9faf33f96ec1"
                },
                "PermissionID": "PM006",
                "PermissionType": "User_ReadMine",
                "Description": "Read the profile of the current User",
                "Status": true
            },
            {
                "_id": {
                    "$oid": "5caaf293da6f9faf33f96ec5"
                },
                "PermissionID": "PM012",
                "PermissionType": "Food_ReadAll",
                "Description": "Read all Food",
                "Status": true
            },
            {
                "_id": {
                    "$oid": "5caaf293da6f9faf33f96ec6"
                },
                "PermissionID": "PM013",
                "PermissionType": "Food_ReadOne",
                "Description": "Read the detail of one Food",
                "Status": true
            },
            {
                "_id": {
                    "$oid": "5caaf293da6f9faf33f96ecc"
                },
                "PermissionID": "PM019",
                "PermissionType": "Menu_ReadMine",
                "Description": "Read all Menus of the current Branch",
                "Status": true
            },
            {
                "_id": {
                    "$oid": "5caaf293da6f9faf33f96edc"
                },
                "PermissionID": "PM035",
                "PermissionType": "Employee_ReadMine",
                "Description": "Read the Employee's information of the current User",
                "Status": true
            },
            {
                "_id": {
                    "$oid": "5caaf293da6f9faf33f96ee5"
                },
                "PermissionID": "PM041",
                "PermissionType": "Branch_ReadMine",
                "Description": "Read the detail of the current Branch",
                "Status": true
            },
            {
                "_id": {
                    "$oid": "5caaf293da6f9faf33f96ee9"
                },
                "PermissionID": "PM047",
                "PermissionType": "Order_ReadMine",
                "Description": "Read all Orders of the current User",
                "Status": true
            },
            {
                "_id": {
                    "$oid": "5caaf293da6f9faf33f96eea"
                },
                "PermissionID": "PM048",
                "PermissionType": "Order_Create",
                "Description": "Create a new Order",
                "Status": true
            },
            {
                "_id": {
                    "$oid": "5caaf293da6f9faf33f96eeb"
                },
                "PermissionID": "PM049",
                "PermissionType": "Order_Update",
                "Description": "Update an Order",
                "Status": true
            }
        ]
    },
    {
        "RoleID": "RCashier",
        "Name": "Cashier",
        "Status": true,
        "Permissions": [
            {
                "_id": {
                    "$oid": "5caaf293da6f9faf33f96ec0"
                },
                "PermissionID": "PM007",
                "PermissionType": "Category_ReadAll",
                "Description": "Read all Categories",
                "Status": true
            },
            {
                "_id": {
                    "$oid": "5caaf293da6f9faf33f96ec1"
                },
                "PermissionID": "PM006",
                "PermissionType": "User_ReadMine",
                "Description": "Read the profile of the current User",
                "Status": true
            },
            {
                "_id": {
                    "$oid": "5caaf293da6f9faf33f96ec5"
                },
                "PermissionID": "PM012",
                "PermissionType": "Food_ReadAll",
                "Description": "Read all Food",
                "Status": true
            },
            {
                "_id": {
                    "$oid": "5caaf293da6f9faf33f96ec6"
                },
                "PermissionID": "PM013",
                "PermissionType": "Food_ReadOne",
                "Description": "Read the detail of one Food",
                "Status": true
            },
            {
                "_id": {
                    "$oid": "5caaf293da6f9faf33f96ecc"
                },
                "PermissionID": "PM019",
                "PermissionType": "Menu_ReadMine",
                "Description": "Read all Menus of the current Branch",
                "Status": true
            },
            {
                "_id": {
                    "$oid": "5caaf293da6f9faf33f96edc"
                },
                "PermissionID": "PM035",
                "PermissionType": "Employee_ReadMine",
                "Description": "Read the Employee's information of the current User",
                "Status": true
            },
            {
                "_id": {
                    "$oid": "5caaf293da6f9faf33f96ee5"
                },
                "PermissionID": "PM041",
                "PermissionType": "Branch_ReadMine",
                "Description": "Read the detail of the current Branch",
                "Status": true
            },
            {
                "_id": {
                    "$oid": "5caaf293da6f9faf33f96ee9"
                },
                "PermissionID": "PM047",
                "PermissionType": "Order_ReadMine",
                "Description": "Read all Orders of the current User",
                "Status": true
            },
            {
                "_id": {
                    "$oid": "5caaf293da6f9faf33f96eea"
                },
                "PermissionID": "PM048",
                "PermissionType": "Order_Create",
                "Description": "Create a new Order",
                "Status": true
            },
            {
                "_id": {
                    "$oid": "5caaf293da6f9faf33f96eeb"
                },
                "PermissionID": "PM049",
                "PermissionType": "Order_Update",
                "Description": "Update an Order",
                "Status": true
            }
        ]
    }
]