[
    {
        "CategoryID": "CA001",
        "Name": "Ice Blended Coffee",
        "Image": "https://i.ibb.co/zFpCHnR/Ice-Blended-Coffee.jpg",
        "CreatedOn": { "$date": "2019-03-28T13:55:17.171+00:00" },
        "Status": true
    },
    {
        "CategoryID": "CA002",
        "Name": "Chocolate",
        "Image": "https://i.ibb.co/1L7WhtY/Chocolate.jpg",
        "CreatedOn": { "$date": "2019-03-28T13:55:17.171+00:00" },
        "Status": true
    },
    {
        "CategoryID": "CA003",
        "Name": "Mocktail & Smoothie",
        "Image": "https://i.ibb.co/1nxH7KK/Mocktail-amp-Smoothie.jpg",
        "CreatedOn": { "$date": "2019-03-28T13:55:17.171+00:00" },
        "Status": true
    },
    {
        "CategoryID": "CA004",
        "Name": "Vietnamese Coffee",
        "Image": "https://i.ibb.co/B395Q9G/Vietnamese-Coffee.jpg",
        "CreatedOn": { "$date": "2019-03-28T13:55:17.171+00:00" },
        "Status": true
    },
    {
        "CategoryID": "CA005",
        "Name": "Expresso",
        "Image": "https://i.ibb.co/C9h0rpz/Expresso.jpg",
        "CreatedOn": { "$date": "2019-03-28T13:55:17.171+00:00" },
        "Status": true
    },
    {
        "CategoryID": "CA006",
        "Name": "Special Tea",
        "Image": "https://i.ibb.co/HxNk0rc/Special-Tea.jpg",
        "CreatedOn": { "$date": "2019-03-28T13:55:17.171+00:00" },
        "Status": true
    }
]