[
    {
        "FoodID": "FO001",
        "Name": "Mocha Ice Blended",
        "Price": {
            "$numberInt": "59000"
        },
        "Size": "Medium",
        "CreatedOn": { "$date": "2019-04-01T17:21:17.171+00:00" },
        "CategoryID": "CA001",
        "Status": true
    },
    {
        "FoodID": "FO002",
        "Name": "Caramel Ice Blended",
        "Price": {
            "$numberInt": "59000"
        },
        "Size": "Medium",
        "CreatedOn": { "$date": "2019-04-01T17:21:17.171+00:00" },
        "CategoryID": "CA001",
        "Status": true
    },
    {
        "FoodID": "FO003",
        "Name": "Hazelnut Ice Blended",
        "Price": {
            "$numberInt": "59000"
        },
        "Size": "Medium",
        "CreatedOn": { "$date": "2019-04-01T17:21:17.171+00:00" },
        "CategoryID": "CA001",
        "Status": true
    },
    {
        "FoodID": "FO004",
        "Name": "Cookie Ice Blended",
        "Price": {
            "$numberInt": "59000"
        },
        "Size": "Medium",
        "CreatedOn": { "$date": "2019-04-01T17:21:17.171+00:00" },
        "CategoryID": "CA001",
        "Status": true
    },
    {
        "FoodID": "FO005",
        "Name": "Hot Chocolate Toffee Almond",
        "Price": {
            "$numberInt": "59000"
        },
        "Size": "Large",
        "CreatedOn": { "$date": "2019-04-01T17:21:17.171+00:00" },
        "CategoryID": "CA002",
        "Status": true
    },
    {
        "FoodID": "FO006",
        "Name": "Iced Chocolate Mocha Almod",
        "Price": {
            "$numberInt": "59000"
        },
        "Size": "Large",
        "CreatedOn": { "$date": "2019-04-01T17:21:17.171+00:00" },
        "CategoryID": "CA002",
        "Status": true
    },
    {
        "FoodID": "FO007",
        "Name": "Chocolate Ice Blended",
        "Price": {
            "$numberInt": "59000"
        },
        "Size": "Large",
        "CreatedOn": { "$date": "2019-04-01T17:21:17.171+00:00" },
        "CategoryID": "CA002",
        "Status": true
    },
    {
        "FoodID": "FO008",
        "Name": "Green Apple Soda",
        "Price": {
            "$numberInt": "45000"
        },
        "Size": "Medium",
        "CreatedOn": { "$date": "2019-04-01T17:21:17.171+00:00" },
        "CategoryID": "CA003",
        "Status": true
    },
    {
        "FoodID": "FO009",
        "Name": "Raspberry Soda",
        "Price": {
            "$numberInt": "45000"
        },
        "Size": "Medium",
        "CreatedOn": { "$date": "2019-04-01T17:21:17.171+00:00" },
        "CategoryID": "CA003",
        "Status": true
    },
    {
        "FoodID": "FO0010",
        "Name": "Blueberry Soda",
        "Price": {
            "$numberInt": "45000"
        },
        "Size": "Medium",
        "CreatedOn": { "$date": "2019-04-01T17:21:17.171+00:00" },
        "CategoryID": "CA003",
        "Status": true
    },
    {
        "FoodID": "FO011",
        "Name": "Mojito Lemon",
        "Price": {
            "$numberInt": "45000"
        },
        "Size": "Medium",
        "CreatedOn": { "$date": "2019-04-01T17:21:17.171+00:00" },
        "CategoryID": "CA003",
        "Status": true
    },
    {
        "FoodID": "FO012",
        "Name": "Mojito Passion Fruit",
        "Price": {
            "$numberInt": "45000"
        },
        "Size": "Medium",
        "CreatedOn": { "$date": "2019-04-01T17:21:17.171+00:00" },
        "CategoryID": "CA003",
        "Status": true
    },
    {
        "FoodID": "FO013",
        "Name": "Blueberry Smoothie",
        "Price": {
            "$numberInt": "59000"
        },
        "Size": "Large",
        "CreatedOn": { "$date": "2019-04-01T17:21:17.171+00:00" },
        "CategoryID": "CA003",
        "Status": true
    },
    {
        "FoodID": "FO014",
        "Name": "Stawberry Guava Cookies Smoothie",
        "Price": {
            "$numberInt": "59000"
        },
        "Size": "Large",
        "CreatedOn": { "$date": "2019-04-01T17:21:17.171+00:00" },
        "CategoryID": "CA003",
        "Status": true
    },
    {
        "FoodID": "FO015",
        "Name": "Mango Orange Cookies Smoothie",
        "Price": {
            "$numberInt": "59000"
        },
        "Size": "Large",
        "CreatedOn": { "$date": "2019-04-01T17:21:17.171+00:00" },
        "CategoryID": "CA003",
        "Status": true
    },
    {
        "FoodID": "FO016",
        "Name": "Fresh Orange Juice",
        "Price": {
            "$numberInt": "65000"
        },
        "Size": "Large",
        "CreatedOn": { "$date": "2019-04-01T17:21:17.171+00:00" },
        "CategoryID": "CA003",
        "Status": true
    },
    {
        "FoodID": "FO017",
        "Name": "VietNamese Coffee",
        "Price": {
            "$numberInt": "29000"
        },
        "Size": "Small",
        "CreatedOn": { "$date": "2019-04-01T17:21:17.171+00:00" },
        "CategoryID": "CA004",
        "Status": true
    },
    {
        "FoodID": "FO018",
        "Name": "VietNamese Coffee",
        "Price": {
            "$numberInt": "39000"
        },
        "Size": "Medium",
        "CreatedOn": { "$date": "2019-04-01T17:21:17.171+00:00" },
        "CategoryID": "CA004",
        "Status": true
    },
    {
        "FoodID": "FO019",
        "Name": "VietNamese White Coffee",
        "Price": {
            "$numberInt": "29000"
        },
        "Size": "Small",
        "CreatedOn": { "$date": "2019-04-01T17:21:17.171+00:00" },
        "CategoryID": "CA004",
        "Status": true
    },
    {
        "FoodID": "FO020",
        "Name": "VietNamese White Coffee",
        "Price": {
            "$numberInt": "39000"
        },
        "Size": "Medium",
        "CreatedOn": { "$date": "2019-04-01T17:21:17.171+00:00" },
        "CategoryID": "CA004",
        "Status": true
    },
    {
        "FoodID": "FO021",
        "Name": "VietNamese Milk Coffee",
        "Price": {
            "$numberInt": "29000"
        },
        "Size": "Small",
        "CreatedOn": { "$date": "2019-04-01T17:21:17.171+00:00" },
        "CategoryID": "CA004",
        "Status": true
    },
    {
        "FoodID": "FO022",
        "Name": "VietNamese Milk Coffee",
        "Price": {
            "$numberInt": "39000"
        },
        "Size": "Medium",
        "CreatedOn": { "$date": "2019-04-01T17:21:17.171+00:00" },
        "CategoryID": "CA004",
        "Status": true
    },
    {
        "FoodID": "FO023",
        "Name": "Expresso",
        "Price": {
            "$numberInt": "35000"
        },
        "Size": "Small",
        "CreatedOn": { "$date": "2019-04-01T17:21:17.171+00:00" },
        "CategoryID": "CA005",
        "Status": true
    },
    {
        "FoodID": "FO024",
        "Name": "Expresso",
        "Price": {
            "$numberInt": "45000"
        },
        "Size": "Medium",
        "CreatedOn": { "$date": "2019-04-01T17:21:17.171+00:00" },
        "CategoryID": "CA005",
        "Status": true
    },
    {
        "FoodID": "FO025",
        "Name": "Condensed Milk Espresso",
        "Price": {
            "$numberInt": "35000"
        },
        "Size": "Small",
        "CreatedOn": { "$date": "2019-04-01T17:21:17.171+00:00" },
        "CategoryID": "CA005",
        "Status": true
    },
    {
        "FoodID": "FO026",
        "Name": "Condensed Milk Espresso",
        "Price": {
            "$numberInt": "45000"
        },
        "Size": "Medium",
        "CreatedOn": { "$date": "2019-04-01T17:21:17.171+00:00" },
        "CategoryID": "CA005",
        "Status": true
    },
    {
        "FoodID": "FO027",
        "Name": "Americano",
        "Price": {
            "$numberInt": "39000"
        },
        "Size": "Small",
        "CreatedOn": { "$date": "2019-04-01T17:21:17.171+00:00" },
        "CategoryID": "CA005",
        "Status": true
    },
    {
        "FoodID": "FO028",
        "Name": "Americano",
        "Price": {
            "$numberInt": "49000"
        },
        "Size": "Medium",
        "CreatedOn": { "$date": "2019-04-01T17:21:17.171+00:00" },
        "CategoryID": "CA005",
        "Status": true
    },
    {
        "FoodID": "FO029",
        "Name": "Cappuchino",
        "Price": {
            "$numberInt": "45000"
        },
        "Size": "Small",
        "CreatedOn": { "$date": "2019-04-01T17:21:17.171+00:00" },
        "CategoryID": "CA005",
        "Status": true
    },
    {
        "FoodID": "FO030",
        "Name": "Cappuchino",
        "Price": {
            "$numberInt": "55000"
        },
        "Size": "Medium",
        "CreatedOn": { "$date": "2019-04-01T17:21:17.171+00:00" },
        "CategoryID": "CA005",
        "Status": true
    },
    {
        "FoodID": "FO031",
        "Name": "Latte",
        "Price": {
            "$numberInt": "45000"
        },
        "Size": "Small",
        "CreatedOn": { "$date": "2019-04-01T17:21:17.171+00:00" },
        "CategoryID": "CA005",
        "Status": true
    },
    {
        "FoodID": "FO032",
        "Name": "Latte",
        "Price": {
            "$numberInt": "55000"
        },
        "Size": "Medium",
        "CreatedOn": { "$date": "2019-04-01T17:21:17.171+00:00" },
        "CategoryID": "CA005",
        "Status": true
    },
    {
        "FoodID": "FO033",
        "Name": "Mocha",
        "Price": {
            "$numberInt": "49000"
        },
        "Size": "Small",
        "CreatedOn": { "$date": "2019-04-01T17:21:17.171+00:00" },
        "CategoryID": "CA005",
        "Status": true
    },
    {
        "FoodID": "FO034",
        "Name": "Mocha",
        "Price": {
            "$numberInt": "59000"
        },
        "Size": "Medium",
        "CreatedOn": { "$date": "2019-04-01T17:21:17.171+00:00" },
        "CategoryID": "CA005",
        "Status": true
    },
    {
        "FoodID": "FO035",
        "Name": "Caramel Macchiato",
        "Price": {
            "$numberInt": "55"
        },
        "Size": "Small",
        "CreatedOn": { "$date": "2019-04-01T17:21:17.171+00:00" },
        "CategoryID": "CA005",
        "Status": true
    },
    {
        "FoodID": "FO036",
        "Name": "Caramel Macchiato",
        "Price": {
            "$numberInt": "65000"
        },
        "Size": "Medium",
        "CreatedOn": { "$date": "2019-04-01T17:21:17.171+00:00" },
        "CategoryID": "CA005",
        "Status": true
    },
    {
        "FoodID": "FO037",
        "Name": "Black Tea",
        "Price": {
            "$numberInt": "35000"
        },
        "Size": "Small",
        "CreatedOn": { "$date": "2019-04-01T17:21:17.171+00:00" },
        "CategoryID": "CA006",
        "Status": true
    },
    {
        "FoodID": "FO038",
        "Name": "Flavored Tea",
        "Price": {
            "$numberInt": "35000"
        },
        "Size": "Small",
        "CreatedOn": { "$date": "2019-04-01T17:21:17.171+00:00" },
        "CategoryID": "CA006",
        "Status": true
    },
    {
        "FoodID": "FO039",
        "Name": "Black Tea Macchiato",
        "Price": {
            "$numberInt": "38000"
        },
        "Size": "Small",
        "CreatedOn": { "$date": "2019-04-01T17:21:17.171+00:00" },
        "CategoryID": "CA006",
        "Status": true
    },
    {
        "FoodID": "FO040",
        "Name": "Raspberry Macchiato",
        "Price": {
            "$numberInt": "42"
        },
        "Size": "Small",
        "CreatedOn": { "$date": "2019-04-01T17:21:17.171+00:00" },
        "CategoryID": "CA006",
        "Status": true
    },
    {
        "FoodID": "FO041",
        "Name": "Peach Tea Mania",
        "Price": {
            "$numberInt": "42000"
        },
        "Size": "Small",
        "CreatedOn": { "$date": "2019-04-01T17:21:17.171+00:00" },
        "CategoryID": "CA006",
        "Status": true
    },
    {
        "FoodID": "FO042",
        "Name": "Peach Tea Mania",
        "Price": {
            "$numberInt": "55000"
        },
        "Size": "Medium",
        "CreatedOn": { "$date": "2019-04-01T17:21:17.171+00:00" },
        "CategoryID": "CA006",
        "Status": true
    },
    {
        "FoodID": "FO043",
        "Name": "Matcha Latte",
        "Price": {
            "$numberInt": "55000"
        },
        "Size": "Medium",
        "CreatedOn": { "$date": "2019-04-01T17:21:17.171+00:00" },
        "CategoryID": "CA006",
        "Status": true
    },
    {
        "FoodID": "FO044",
        "Name": "Matcha Ice Blended",
        "Price": {
            "$numberInt": "59000"
        },
        "Size": "Medium",
        "CreatedOn": { "$date": "2019-04-01T17:21:17.171+00:00" },
        "CategoryID": "CA006",
        "Status": true
    }
]