[
        {
            "EmployeeID": "NV001",
            "Name": "Con Dương Tông",
            "Birthday": { "$date": "1998-10-08T00:00:00Z"},
            "PhoneNumber": "0969498661",
            "Identity": "025123456",
            "Address": "19/1b Lê Lợi Street, Hóc Môn Town, HCM City",
            "Email": "conduongtong@gmail.com",
            "DateStart": { "$date": "2019-04-01T00:00:00Z" },
            "Image": "url.com",
            "Status": true
        },
        {
            "EmployeeID": "NV002",
            "Name": "Nguyễn Ngọc Sơn",
            "Birthday": { "$date": "1996-10-08T00:00:00Z"},
            "PhoneNumber": "0975276766",
            "Identity": "025123456",
            "Address": "19 Nguyễn Trãi Street, 1 District, HCM City",
            "Email": "son.95.1112@gmail.com",
            "DateStart": { "$date": "2019-04-01T00:00:00Z" },
            "Image": "url.com",
            "Status": true
        },
        {
            "EmployeeID": "NV003",
            "Name": "Lê Hoàng Nam Anh",
            "Birthday": { "$date": "1998-01-01T00:00:00Z"},
            "PhoneNumber": "0947417104",
            "Identity": "025123456",
            "Address": "20 Phan Đình Phùng Street, Phú Nhuận District, HCM City",
            "Email": "lehoangnamanh97@gmail.com",
            "DateStart": { "$date": "2019-04-01T00:00:00Z" },
            "Image": "url.com",
            "Status": true
        },
        {
            "EmployeeID": "NV004",
            "Name": "Nguyễn Như Sang",
            "Birthday": { "$date": "1998-02-02T00:00:00Z"},
            "PhoneNumber": "0916382198",
            "Identity": "025123456",
            "Address": "15 Ngô Gia Tự, 5 District, HCM City",
            "Email": "nguyennhus293@gmail.com",
            "DateStart": { "$date": "2019-04-01T00:00:00Z" },
            "Image": "url.com",
            "Status": true
        },
        {
            "EmployeeID": "NV005",
            "Name": "Chung Trang Thảo",
            "Birthday": { "$date": "1998-03-03T00:00:00Z"},
            "PhoneNumber": "0932753277",
            "Identity": "025123456",
            "Address": "12 Lý Tự Trọng, 1 District, HCM City",
            "Email": "yoyocici777@gmail.com",
            "DateStart": { "$date": "2019-04-01T00:00:00Z" },
            "Image": "url.com",
            "Status": true
        }
    ]